MandarinImages,OutputAudios
mandarin_04.png,man_d01
mandarin_05.png,man_d02
mandarin_06.png,man_d03
man_07.png,man_d04
mandarin_08.png,man_d05
mandarin_09.png,man_d06
mandarin_10.png,man_d07
mandarin_11.png,man_d08
mandarin_12.png,man_d09
mandarin_13.png,man_d10
mandarin_14.png,man_d11
mandarin_15.png,man_d12
mandarin_16.png,man_d13
mandarin_17.png,man_d14
mandarin_18.png,man_d15
mandarin_19.png,man_d16
mandarin_20.png,man_d17
mandarin_21.png,man_d18
mandarin_22.png,man_d19
mandarin_23.png,man_d20
mandarin_24.png,man_d21