MandarinImages,OutputAudios
mandarin_25.png,man_r01
mandarin_26.png,man_r02
mandarin_27.png,man_r03
mandarin_28.png,man_r04
mandarin_29.png,man_r05
mandarin_30.png,man_f01
mandarin_31.png,man_f02
mandarin_32.png,man_f03
mandarin_33.png,man_f04
mandarin_34.png,man_f05
mandarin_35.png,man_f06
mandarin_36.png,man_f07
mandarin_37.png,man_f08
mandarin_38.png,man_f09
mandarin_39.png,man_f10
mandarin_40.png,man_f11
mandarin_41.png,man_f12
mandarin_42.png,man_f13
man_43.png,man_f14
mandarin_44.png,man_f15